Client payeur,CP,Ville,Adresse 1,Type client,CA Loc 2025,CA Vte 2025,CA Loc 2024,CA Vte 2024,EVOLUTION € LOC,EVOLUTION %,EVOLUTION € VTE,EVOLUTION %,PART LOC 2025,PART VTE 2025,PART LOC 2024,PART VTE 2024
PHARMACIE DE FORBIN / DR BOULAABA  - 3307,13003,MARSEILLE 3EME ARRONDISSE,10 RUE FORBIN,09 - PHARMACIE,10158.28,329.0,0.0,0.0,,,,,0.9686286625321342,0.03137133746786583,,
PHARMACIE PLAISANT  - 2050,13016,MARSEILLE 16EME ARRONDISS,40 rue Condorcet,09 - PHARMACIE,5702.8,0.0,1014.0,0.0,4688.8,4.624063116370809,,,1.0,0.0,1.0,0.0
PHARMACIE DU PETIT BOSQUET / DR PANETTA  - 4126,13012,MARSEILLE 12EME ARRONDISS,243 av de montolivet,09 - PHARMACIE,12486.93,9965.95,17314.82999999999,12665.920000000002,-4827.8999999999905,-0.2788303436995912,-2699.970000000001,-0.2131680920138451,0.5561393460438038,0.4438606539561963,0.5775315827656078,0.4224684172343922
PHARMACIE DE LA POMME / DR TENOUDJI COHEN MICHEL  - 6717,13011,MARSEILLE,17 avenue Emmanuel Allard,09 - PHARMACIE,3477.02,5242.0,261.85,1569.26,3215.17,12.278670994844376,3672.74,2.3404279724201213,0.39878564334065064,0.6012143566593493,0.14300069356838202,0.8569993064316179
PHARMACIE BELAROUSSI / DR BELAROUSSI  - 7005,13003,MARSEILLE 3EME ARRONDISSE,1 PLACE BERNARD CADENAT,09 - PHARMACIE,5146.95,9731.57,2000.09,7552.65,3146.8599999999997,1.5733591988360522,2178.92,0.28849741481466773,0.3459315845930912,0.6540684154069087,0.20937343631251348,0.7906265636874865
PHARMACIE STADE VELODROME/DR TENOUDJI COHEN LUNA  - 6758,13008,MARSEILLE,16 rue Negresko,09 - PHARMACIE,4724.77,7837.490000000001,1678.87,5897.23,3045.9000000000005,1.8142560174403026,1940.2600000000011,0.32901209550924776,0.3761082798795758,0.6238917201204242,0.22160082364277134,0.7783991763572287
PHARMACIE VAUBAN / DR BAQUAI-PETONE  - 574,13006,MARSEILLE 6EME ARRONDISSE,61 bd de vauban,09 - PHARMACIE,8682.83,6445.51,6341.41,10296.880000000001,2341.42,0.369227033104625,-3851.370000000001,-0.37403271670641985,0.5739446627984299,0.42605533720157,0.38113351792762357,0.6188664820723765
PHARMACIE DE LA MARINE / DR SIMOVIC  - 3852,13014,MARSEILLE 14EME ARRONDISS,121 ch de sainte marthe,09 - PHARMACIE,7669.02,9889.19,11171.429999999997,7416.550000000001,-3502.409999999996,-0.3135149215454062,2472.6399999999994,0.3333949073356209,0.43677686962395373,0.5632231303760463,0.6010029061791544,0.39899709382084564
PHARMACIE PRADO DAVID PLAGE / DR LE ROUX  - 6468,13008,MARSEILLE 8EME ARRONDISSE,614 avenue du prado,09 - PHARMACIE,7090.59,15568.320000000002,4788.42,15443.76,2302.17,0.4807786284411142,124.56000000000131,0.008065393401606948,0.31292723259856714,0.6870727674014327,0.2366734578280739,0.7633265421719261
PHARMACIE BOIS LEMAITRE / DR PEREZ DAVID  - 7423,13012,MARSEILLE,118 avenue Jean Compadieu,09 - PHARMACIE,2126.81,957.63,305.28000000000003,2220.36,1821.53,5.966751834381551,-1262.73,-0.5687050748527266,0.6895287313094111,0.3104712686905889,0.1208723333491709,0.8791276666508291
PHARMACIE VALENTE / DR VALENTE  - 6255,13009,MARSEILLE 9EME ARRONDISSE,57 rue Emile Zola,09 - PHARMACIE,2912.01,3713.59,1108.92,9398.54,1803.0900000000001,1.625987447245969,-5684.950000000001,-0.6048758636979786,0.43950887466795463,0.5604911253320454,0.10553644743829622,0.8944635525617037
PHARMACIE LA MARSEILLAISE / DR DELESTRADE  - 5095,13003,MARSEILLE 3EME ARRONDISSE,12 bis rue de chanterac,09 - PHARMACIE,4247.96,11958.82,2565.62,13850.05,1682.3400000000001,0.6557245422159167,-1891.2299999999996,-0.1365504095653084,0.26211005517443936,0.7378899448255607,0.15629090984406974,0.8437090901559303
PHARMACIE DES AMANDIERS  - 4234,13170,LES PENNES MIRABEAU,12 Ch du jas de rhodes,09 - PHARMACIE,5045.3,1829.36,3626.74,3066.89,1418.5600000000004,0.39113914975983954,-1237.53,-0.40351300503115534,0.7338981127793957,0.26610188722060435,0.5418196105849891,0.45818038941501105
PHARMACIE DES PRAIRIES / DR AMMAR  - 5659,13013,MARSEILLE,135 chemin de chateau gombert,09 - PHARMACIE,1399.65,7160.3,110.5,2817.88,1289.15,11.666515837104074,4342.42,1.5410237483498233,0.16351146910904854,0.8364885308909514,0.03773417384355855,0.9622658261564414
PHARMACIE DES CALANQUES / DR MEZARD  - 10433,13009,MARSEILLE 9EME ARRONDISSE,1 chemin de sormiou,09 - PHARMACIE,1223.8600000000001,775.02,0.0,0.0,,,,,0.612272872808773,0.38772712719122704,,
PHARMACIE DE LA ROUGUIERE / DR CALISSI  - 3758,13011,MARSEILLE 11EME ARRONDISS,Allée de la Rouguière,09 - PHARMACIE,5768.4400000000005,1249.0,6814.790000000001,1546.1,-1046.3500000000004,-0.15354104822012127,-297.0999999999999,-0.1921609210271004,0.8220148658200142,0.17798513417998585,0.8150794951255189,0.18492050487448103
PHARMACIE METRO BAILLE / DR OUDIN DR BRUNO  - 6836,13005,MARSEILLE 5EME ARRONDISSE,118 boulevard baille,09 - PHARMACIE,3614.58,2604.46,2693.39,7596.59,921.19,0.3420187941590338,-4992.13,-0.6571540651792449,0.581211891224369,0.418788108775631,0.2617488080637669,0.7382511919362331
PHARMACIE 322 / DR AUGUSTE  - 8803,13009,MARSEILLE,322 BOULEVARD ROMAIN ROLLAND,09 - PHARMACIE,965.73,7.37,200.91,0.0,764.82,3.8067791548454535,,,0.9924262665707533,0.007573733429246737,1.0,0.0
PHARMACIE CENTRALE / DR TAWITIAN  - 5703,13012,MARSEILLE 12EME ARRONDISS,240 AVENUE DU 24 AVRIL 1915,09 - PHARMACIE,7498.29,7316.0,6746.66,9706.16,751.6300000000001,0.11140771878233083,-2390.16,-0.24625186479514038,0.5061525054525057,0.4938474945474943,0.41006101081759844,0.5899389891824015
PHARMACIE BOI  - 35,13001,MARSEILLE 1ER ARRONDISSEM,2 PLACE SADI CARNOT,09 - PHARMACIE,2634.24,3482.38,1915.52,3174.35,718.7199999999998,0.3752088205813564,308.0300000000002,0.09703718871580015,0.4306692258142569,0.5693307741857432,0.37633967075779934,0.6236603292422007
PHARMACIE MOUSTIER / DR DIARRA  - 47,13001,MARSEILLE 1ER ARRONDISSEM,4 RUE DES MOUSTIERS,09 - PHARMACIE,712.75,1614.73,0.0,0.0,,,,,0.3062324917936996,0.6937675082063004,,
PHARMACIE DE LA POSTE / DR MADJERI  - 5617,13001,MARSEILLE 1ER ARRONDISSEM,15 rue Colbert,09 - PHARMACIE,1691.96,2633.57,990.34,1158.06,701.62,0.7084637599208352,1475.5100000000002,1.2741222389168094,0.39115669062519504,0.6088433093748049,0.46096630050269966,0.5390336994973003
PHARMACIE LECLERC VITROLLES /DR SADMI /LEDE  - 7083,13127,VITROLLES,CENTRE COMMERCIAL LECLERC VITROLLES,09 - PHARMACIE,859.0,641.27,176.7,336.3,682.3,3.8613469156762874,304.96999999999997,0.906839131727624,0.5725636052177275,0.4274363947822725,0.34444444444444444,0.6555555555555556
PHARMACIE DES MOULINS / DR BRACHET-RUSSO  - 23,13190,ALLAUCH,550 AV DU GENERAL DE GAULLE,09 - PHARMACIE,15306.93,26269.1,14673.24,25750.4,633.6900000000005,0.04318678083368094,518.6999999999971,0.020143376413570162,0.36816718671792376,0.6318328132820762,0.36298660882592465,0.6370133911740754
PHARMACIE SAINT PIERRE / DR NASSER  - 582,13005,MARSEILLE 5EME ARRONDISSE,118 chemin saint jean du desert,09 - PHARMACIE,4775.29,1317.37,4148.68,4181.28,626.6099999999997,0.15103840257624102,-2863.91,-0.6849361917881606,0.7837775290267306,0.21622247097326946,0.4980432078905542,0.5019567921094459
PHARMACIE ROUVIER  - 2236,13014,MARSEILLE 14EME ARRONDISS,27 rue paul coxe,09 - PHARMACIE,639.6,5821.47,31.6,7214.55,608.0,19.240506329113924,-1393.08,-0.19309312431128758,0.09899289127033138,0.9010071087296686,0.004360936497312366,0.9956390635026876
PHARMACIE DES CIGALONS / DR HOSTIER  - 675,13012,MARSEILLE 12EME ARRONDISS,22 traverse des cigalons,09 - PHARMACIE,3099.9,1953.3000000000002,2543.8,2599.53,556.0999999999999,0.21860995361270535,-646.23,-0.24859493831577245,0.6134528615530752,0.3865471384469247,0.4945823036826337,0.5054176963173664
PHARMACIE SIADOUS / DR SIADOUS  - 6909,13001,MARSEILLE 1ER ARRONDISSEM,1 BOULEVARD D ATHENES,09 - PHARMACIE,549.85,953.8,44.25,1911.54,505.6,11.425988700564972,-957.74,-0.5010305826715633,0.36567685299105507,0.6343231470089449,0.02262512846471247,0.9773748715352876
PHARMACIE AUSSEL  - 6,13016,MARSEILLE,40 CH DU RUISSEAU MIRABEAU,09 - PHARMACIE,3518.48,6079.34,2973.74,7465.81,544.7400000000002,0.18318346593851523,-1386.4700000000003,-0.18570925324914514,0.3665915801713306,0.6334084198286695,0.28485327432695856,0.7151467256730416
PHARMACIE DE JONQUIERES / DR SFERLAZZA  - 9490,13500,MARTIGUES,3 ESPLANADE DES BELGES,09 - PHARMACIE,525.25,1156.8600000000001,0.0,0.0,,,,,0.31225663006581017,0.6877433699341898,,
PHARMACIE DE LA PREFECTURE / DR CHATEAU  - 9491,13006,MARSEILLE 6EME ARRONDISSE,105 A RUE DE ROME,09 - PHARMACIE,486.2,2447.73,0.0,0.0,,,,,0.16571629179973618,0.8342837082002639,,
PHARMACIE SAINT VICTOR / DR DELOUYA  - 5954,13007,MARSEILLE,48 rue d'endoume,09 - PHARMACIE,1287.99,2482.54,819.68,4207.2,468.31000000000006,0.5713327152059341,-1724.6599999999999,-0.40993059517018443,0.3415938873314892,0.6584061126685108,0.16305939270481887,0.836940607295181
PHARMACIE SAINT ELOI / DR CARVIN  - 5934,13013,MARSEILLE,C/Cial Mallet,09 - PHARMACIE,581.3000000000001,1385.95,127.6,3090.32,453.70000000000005,3.5556426332288407,-1704.3700000000001,-0.5515189365502602,0.29548862625492445,0.7045113737450757,0.039652943516308665,0.9603470564836913
PHARMACIE POINTE ROUGE / DR SIGNORET  - 4762,13008,MARSEILLE,55 avenue de montredon,09 - PHARMACIE,1661.38,2328.21,1222.93,4509.56,438.45000000000005,0.3585242000768646,-2181.3500000000004,-0.4837168149442518,0.41642875583706596,0.583571244162934,0.21333312400021628,0.7866668759997837
PHARMACIE DES VIEUX CYPRES / DR AKNIN  - 482,13013,MARSEILLE 13EME ARRONDISS,boulevard Brumaire,09 - PHARMACIE,4187.4,4908.14,3752.97,3963.63,434.42999999999984,0.1157563209937729,944.5100000000002,0.2382941899218646,0.46037948269151685,0.539620517308483,0.4863502060492963,0.5136497939507036
PHARMACIE SAINT EUGENE / DR GHERCI  - 7783,13007,MARSEILLE 7EME ARRONDISSE,4 PLACE SAINT EUGENE,09 - PHARMACIE,496.68,696.0,78.15,51.1,418.53,5.3554702495201525,644.9,12.620352250489235,0.4164402857430325,0.5835597142569675,0.604642166344294,0.395357833655706
PHARMACIE PIROLLET  - 4032,13001,MARSEILLE 1ER ARRONDISSEM,5 Bd Camille Flammarion,09 - PHARMACIE,6848.67,7620.240000000001,6430.23,7825.52,418.4400000000005,0.06507387760624433,-205.27999999999975,-0.026232122593770092,0.4733369687142985,0.5266630312857016,0.4510622029707311,0.5489377970292689
PHARMACIE LYAUTEY / DR MICHAUX  - 7682,13470,CARNOUX EN PROVENCE,18 BOULEVARD DU MARECHAL JUIN,09 - PHARMACIE,1099.76,613.6,698.55,1603.0,401.21000000000004,0.5743468613556654,-989.4,-0.6172177167810355,0.6418732782369145,0.3581267217630854,0.3035128500358454,0.6964871499641545
PHARMACIE DE LA GROTTE ROLLAND / DR RAYNAUD-BACHEL  - 5340,13008,MARSEILLE,82. avenue de la madrague de montredon,09 - PHARMACIE,7019.62,8005.23,6635.34,5935.15,384.27999999999975,0.05791413853698525,2070.08,0.34878309731009327,0.4672006708885613,0.5327993291114388,0.5278505452054773,0.4721494547945227
PHARMACIE DU CENTAURE / DR DELAPIERRE  - 735,13480,CABRIES,2405 av auguste MAVY,09 - PHARMACIE,6876.06,9657.630000000001,6494.98,9529.210000000001,381.08000000000084,0.05867300592149643,128.42000000000007,0.013476458174392218,0.41588175416377104,0.584118245836229,0.4053234516066022,0.5946765483933978
PHARMACIE DU CANET / DR SAHLI VIVICORSI  - 1850,13014,MARSEILLE 14EME ARRONDISS,141 Bd Danielle Casanova,09 - PHARMACIE,1774.97,1264.6000000000001,1394.37,1258.57,380.60000000000014,0.27295481113334347,6.0300000000002,0.004791151862828608,0.5839543093266482,0.41604569067335184,0.5255942463832579,0.47440575361674225
PHARMACIE DES MINIMES / DR DUBOIS  - 1136,13006,MARSEILLE 6EME ARRONDISSE,56 rue des trois frères barthélémy,09 - PHARMACIE,1624.45,1572.2,1245.69,501.2,378.76,0.30405638642037747,1071.0,2.136871508379888,0.5081726182096883,0.4918273817903117,0.7130901201563922,0.2869098798436078
PHARMACIE MALLART / DR MALLART CYRIL  - 7720,13007,MARSEILLE,80 RUE SAINTE,09 - PHARMACIE,359.52,1810.2,0.0,1390.68,,,419.52,0.3016653723358357,0.16569879984514127,0.8343012001548586,0.0,1.0
PHARMACIE DU GRAND PAVOIS / DR BRANDONE/DE LECLUSE  - 6581,13008,MARSEILLE,324 AVENUE DU PRADO,09 - PHARMACIE,575.15,609.63,238.64,1380.03,336.51,1.4101156553804894,-770.4,-0.55824873372318,0.4854487753000557,0.5145512246999443,0.1474296799224054,0.8525703200775945
PHARMACIE NATIONAL / DR DUPLAN  - 567,13003,MARSEILLE 3EME ARRONDISSE,117 bd national,09 - PHARMACIE,5114.62,3694.5800000000004,4790.6,2747.02,324.0199999999995,0.06763662171753006,947.5600000000004,0.34494106340689196,0.5805998274531171,0.41940017254688283,0.6355587042063675,0.36444129579363244
PHARMACIE TABBO/ DR TABBO  - 8765,13013,MARSEILLE,63 AVENUE DE SAINT JEROME,09 - PHARMACIE,300.57,99.0,0.0,285.6,,,-186.60000000000002,-0.6533613445378151,0.7522336511750132,0.24776634882498685,0.0,1.0
PHARMACIE DE GIBBES / DR TOMMASINO  - 1178,13014,MARSEILLE 14EME ARRONDISS,77 chemin de gibbes,09 - PHARMACIE,9214.16,11872.58,8944.01,15563.35,270.14999999999964,0.03020457266930601,-3690.7700000000004,-0.2371449591508255,0.43696465171951665,0.5630353482804834,0.36495199809363393,0.6350480019063661
PHARMACIE DE LA COTE BLEUE / DR BONNABEL  - 6996,13620,CARRY LE ROUET,69 avenue draio de la mar,09 - PHARMACIE,4349.67,1874.23,4103.93,4653.0,245.73999999999978,0.059879188972521404,-2778.77,-0.5971996561358264,0.6988656630087244,0.30113433699127556,0.46864940110289793,0.531350598897102
PHARMACIE DU PHARO / DR SOUALAH-FALLET  - 9598,13007,MARSEILLE,1 RUE PASTEUR,09 - PHARMACIE,225.94,182.66,0.0,0.0,,,,,0.5529613313754282,0.4470386686245717,,
PHARMACIE PETIT / DR HORTENSIA ANDAY  - 7140,13001,MARSEILLE 1ER ARRONDISSEM,24 COURS JOSEPH THIERRY,09 - PHARMACIE,223.95,279.90000000000003,0.0,718.1,,,-438.2,-0.6102214176298565,0.4444775230723429,0.5555224769276571,0.0,1.0
PHARMACIE LANÇONNAISE / DR MOREELS ET BERNABEU  - 10858,13680,LANCON PROVENCE,999 allée fransisco caravacat,09 - PHARMACIE,176.0,0.0,0.0,0.0,,,,,1.0,0.0,,
PHARMACIE RICHAUD  - 1805,13006,MARSEILLE 6EME ARRONDISSE,226 rue breteuil,09 - PHARMACIE,159.0,3035.36,0.0,372.7,,,2662.6600000000003,7.144244700831769,0.049775228840831964,0.950224771159168,0.0,1.0
PHARMACIE C.CIAL INTERMARCHE / DR TALEB  - 7202,13140,MIRAMAS,AVENUE DU 8 MAI 1945,09 - PHARMACIE,150.1,2764.6,0.0,3874.53,,,-1109.9300000000003,-0.2864682942189118,0.051497581226198234,0.9485024187738018,0.0,1.0
PHARMACIE CHATEL / DR CHATEL  - 7439,13002,MARSEILLE,16 GRAND RUE,09 - PHARMACIE,148.45000000000002,1698.78,0.0,394.8,,,1303.98,3.302887537993921,0.08036357140150388,0.9196364285984961,0.0,1.0
PHARMACIE DU PANIER / DR CHEROUAT  - 8182,13002,MARSEILLE,19 RUE DU PANIER,09 - PHARMACIE,163.35,581.4,19.8,900.7,143.54999999999998,7.249999999999999,-319.30000000000007,-0.3545020539580327,0.21933534743202415,0.7806646525679758,0.02151004888647474,0.9784899511135253
PHARMACIE DE FRAIS VALLON /  DR LEROY  - 8533,13013,MARSEILLE,25 avenue de frais vallon,09 - PHARMACIE,136.95000000000002,2084.11,0.0,1033.1,,,1051.0100000000002,1.0173361726841548,0.06165974804822923,0.9383402519517708,0.0,1.0
PHARMACIE MEDITERRANEENNE / DR BEN RHOUMA  - 5640,13001,MARSEILLE 1ER ARRONDISSEM,37 la canebière,09 - PHARMACIE,1523.68,2275.9700000000003,1408.92,974.12,114.75999999999999,0.08145246004031456,1301.8500000000004,1.3364369892826349,0.4010053557564512,0.5989946442435488,0.59122801127971,0.4087719887202901
PHARMACIE ROME VILLAGE / DR TOYE  - 19,13006,MARSEILLE 6EME ARRONDISSE,183 rue de rome,09 - PHARMACIE,4898.45,4021.8500000000004,4796.01,5498.28,102.4399999999996,0.02135942168594302,-1476.4299999999994,-0.2685257935208828,0.5491351187740323,0.4508648812259678,0.46589031395074354,0.5341096860492563
PHARMACIE VALLIER / DR KADDOURI  - 8496,13004,MARSEILLE 4EME ARRONDISSE,98 bd boisson,09 - PHARMACIE,370.76,0.0,273.07,0.0,97.69,0.3577470978137474,,,1.0,0.0,1.0,0.0
PHARMACIE DE L OPERA / DR GINESY  - 6905,13001,MARSEILLE 1ER ARRONDISSEM,22 24 RUE BEAUVAU,09 - PHARMACIE,87.67,698.0400000000001,0.0,169.6,,,528.44,3.115801886792453,0.11158060862150157,0.8884193913784985,0.0,1.0
PHARMACIE SAINT JUST / DR MAZIER  - 3471,13013,MARSEILLE 13EME ARRONDISS,38 rue alphonse daudet,09 - PHARMACIE,2654.26,3018.51,2581.35,3142.45,72.91000000000031,0.028244910608790096,-123.9399999999996,-0.03944056389123124,0.46789487322771767,0.5321051267722823,0.4509853593766379,0.5490146406233621
PHARMACIE GENERALE / DR APPAY  - 8769,13012,MARSEILLE,188 AVENUE DE 24 AVRIL 1915,09 - PHARMACIE,157.29,0.0,89.88,274.0,67.41,0.75,-274.0,-1.0,1.0,0.0,0.24700450698032317,0.7529954930196768
PHARMACIE LECAILLET / DR LECAILLET  - 5488,13008,MARSEILLE,604 ave de mazargues,09 - PHARMACIE,59.4,229.24,0.0,933.88,,,-704.64,-0.7545294898702188,0.20579268292682928,0.7942073170731708,0.0,1.0
PHARMACIE 229 PRADO/ DR CHRIQUI-MARUANI  - 6431,13008,MARSEILLE 8EME ARRONDISSE,229 avenue du parado,09 - PHARMACIE,513.1,250.0,463.56,1435.97,49.54000000000002,0.10686858227629653,-1185.97,-0.8259016553270612,0.6723889398506093,0.3276110601493906,0.24403931498844453,0.7559606850115556
PHARMACIE DU COUR JULIEN / DR GELI  - 5298,13006,MARSEILLE 6EME ARRONDISSE,81 cours julien,09 - PHARMACIE,72.0,0.0,27.8,499.7,44.2,1.589928057553957,-499.7,-1.0,1.0,0.0,0.05270142180094787,0.9472985781990522
PHARMACIE DU VIEUX PORT / DR LUCHARD  - 3080,13002,MARSEILLE 2EME ARRONDISSE,4 Quai du port,09 - PHARMACIE,152.9,3208.07,113.39,4968.43,39.510000000000005,0.34844342534615047,-1760.3600000000001,-0.35430910770605606,0.045492819037361236,0.9545071809626388,0.02231287215997418,0.9776871278400258
PHARMACIE DU PARC SAINT CYR / DR HAMAMES  - 10841,13011,MARSEILLE,130. chemin de la valbarelleà st marcel,09 - PHARMACIE,29.96,0.0,0.0,0.0,,,,,1.0,0.0,,
PHARMACIE DU ROUET / DR ASSOR  - 1449,13008,MARSEILLE 8EME ARRONDISSE,145 rue du rouet,09 - PHARMACIE,29.7,659.92,0.0,0.0,,,,,0.04306719642701778,0.9569328035729822,,
PHARMACIE CHUTES LA VIE/DR MARQUIS  - 6855,13004,MARSEILLE,45 AVENUE DES CHUTES LA VIE,09 - PHARMACIE,162.20000000000002,1392.8300000000002,153.0,3325.19,9.200000000000017,0.06013071895424848,-1932.36,-0.5811276949587842,0.10430666932470756,0.8956933306752924,0.04398839626357387,0.9560116037364261
PHARMACIE DE CLARY / DR BENMOUMENE  - 8158,13003,MARSEILLE 3EME ARRONDISSE,11 AVENUE ROGER SALENGRO,09 - PHARMACIE,8.9,3102.23,0.0,620.3000000000001,,,2481.93,4.0011768499113325,0.0028606969171972884,0.9971393030828026,0.0,1.0
PHARMACIE SIGNORET / DR SIGNORET GUILLAUME  - 7964,13400,AUBAGNE,CENTRE COMMERCIAL AUCHAN AUBAGNE,09 - PHARMACIE,0.0,4471.0,0.0,1974.4,,,2496.6,1.2644854132901133,0.0,1.0,0.0,1.0
PHARMACIE SAINT BARNABE / DR RAYNAL AGOPIAN  - 2801,13012,MARSEILLE 12EME ARRONDISS,123 av saint julien,09 - PHARMACIE,0.0,3245.74,0.0,1562.16,,,1683.5799999999997,1.0777257131151736,0.0,1.0,0.0,1.0
PHARMACIE PRINCIPALE / DR DUBOIS  - 9445,13110,PORT DE BOUC,5 RUE CHARLES NEDELEC,09 - PHARMACIE,0.0,1512.96,0.0,0.0,,,,,0.0,1.0,,
PHARMACIE DU PASSAGE / DR DOUSSET  - 83,,,,,0.0,0.0,0.0,-1099.0,,,1099.0,-1.0,,,-0.0,1.0
PHARMACIE MICHELET / DR SAYAG  - 1494,13009,MARSEILLE 9EME ARRONDISSE,127 bd michelet,09 - PHARMACIE,0.0,1024.1000000000001,0.0,732.0400000000001,,,292.06000000000006,0.3989672695481122,0.0,1.0,0.0,1.0
PHARMACIE FALCONE AYDJIAN  - 10079,13140,MIRAMAS,PHARMACIE DES VENTS PROVENCAUX,09 - PHARMACIE,0.0,577.83,0.0,0.0,,,,,0.0,1.0,,
PHARMACIE BELSUNCE / DR TRAN  - 9942,13001,MARSEILLE 1ER ARRONDISSEM,10 COURS BELSUNCE,09 - PHARMACIE,0.0,549.1800000000001,0.0,0.0,,,,,0.0,1.0,,
PHARMACIE DU VILLAGE / DR CAYSSIALS  - 9437,13180,GIGNAC LA NERTHE,130 RUE DE L'ANCIENNE METEO,09 - PHARMACIE,0.0,422.56,0.0,0.0,,,,,0.0,1.0,,
PHARMACIE DE LA VISTE / DR COUPUT  - 6952,13015,MARSEILLE 15EME ARRONDISS,40 AVENUE DE LA VISTE,09 - PHARMACIE,0.0,364.4,0.0,746.9,,,-382.5,-0.5121167492301513,0.0,1.0,0.0,1.0
PHARMACIE DU PARC DROMEL / DR MEIMOUN  - 5585,13009,MARSEILLE 9EME ARRONDISSE,19 Bd de Sainte marguerite,09 - PHARMACIE,0.0,4068.61,0.0,3704.57,,,364.03999999999996,0.09826781515803452,0.0,1.0,0.0,1.0
PHARMACIE LEV / DR ATTIAS  - 6908,13001,MARSEILLE 1ER ARRONDISSEM,29 RUE LONGUE DES CAPUCINS,09 - PHARMACIE,0.0,212.3,0.0,0.0,,,,,0.0,1.0,,
PHARMACIE HAC CHENG / DR HAC  - 9454,13240,SEPTEMES LES VALLONS,6 AVENUE DU 8 MAI 1945,09 - PHARMACIE,0.0,207.0,0.0,395.81,,,-188.81,-0.47702180339051564,0.0,1.0,0.0,1.0
PHARMACIE DE LA CRAU / DR MORINEAU  - 10092,13140,MIRAMAS,BOULEVARD DOCTEUR JACQUES MINET,09 - PHARMACIE,0.0,82.0,0.0,0.0,,,,,0.0,1.0,,
PHARMACIE DU METRO SAINT BARNABE / DR ANDRE  - 9610,13012,MARSEILLE,53 BOULEVARD GASSENDI,09 - PHARMACIE,0.0,17.900000000000002,0.0,0.0,,,,,0.0,1.0,,
PHARMACIE DU GRAND SAINT GINIEZ/ DR ZURECKI  - 7591,13008,MARSEILLE,123 AVENUE DE MAZARGUES,09 - PHARMACIE,0.0,841.4000000000001,0.0,848.02,,,-6.619999999999891,-0.007806419659913553,0.0,1.0,0.0,1.0
PHARMACIE BERNABO / DR CTORZA  - 5836,,,,,0.0,0.0,0.0,24.5,,,-24.5,-1.0,,,0.0,1.0
PHARMACIE GALERIE / DR BASTIA JEAN DAMIEN ET CHRIS  - 7372,13010,MARSEILLE,57 BOULEVARD ROMAIN ROLLAND,09 - PHARMACIE,0.0,525.5,0.0,571.57,,,-46.07000000000005,-0.08060255086866008,0.0,1.0,0.0,1.0
PHARMACIE NAHABEDIAN  - 1234,,,,,0.0,0.0,0.0,59.0,,,-59.0,-1.0,,,0.0,1.0
PHARMACIE DE VIENNE / DR HUBERT  - 4940,13010,MARSEILLE,268 BD DE SAINT LOUP,09 - PHARMACIE,0.0,29.700000000000003,0.0,96.0,,,-66.3,-0.6906249999999999,0.0,1.0,0.0,1.0
PHARMACIE LA CROIX BLANCHE / DR CHARRUEY-PANAGET  - 414,,,,,0.0,0.0,0.0,86.0,,,-86.0,-1.0,,,0.0,1.0
PHARMACIE DE SAINT MENET / DR MONACO STEPHANE  - 7176,,,,,0.0,0.0,0.0,125.7,,,-125.7,-1.0,,,0.0,1.0
PHARMACIE SUDRE / DR SUDRE  - 7521,,,,,0.0,0.0,0.0,162.48,,,-162.48,-1.0,,,0.0,1.0
PHARMACIE LA ROYA / DR DURIF XAVIER  - 6736,,,,,0.0,0.0,0.0,205.44,,,-205.44,-1.0,,,0.0,1.0
PHARMACIE DES MARTEGAUX / DR DEMAGNY  - 8768,,,,,0.0,0.0,0.0,246.0,,,-246.0,-1.0,,,0.0,1.0
PHARMACIE PARADIS DELIBES / DR SERRI  - 542,13008,MARSEILLE 8EME ARRONDISSE,335 rue paradis,09 - PHARMACIE,0.0,535.57,0.0,787.02,,,-251.44999999999993,-0.3194963279205102,0.0,1.0,0.0,1.0
PHARMACIE LA MARTEGALE / DR SARKISSIAN-MAIMOUN  - 7297,13500,MARTIGUES,9 BOULEVARD LUCIEN DEGUT,09 - PHARMACIE,0.0,475.0,0.0,728.6,,,-253.60000000000002,-0.34806478177326383,0.0,1.0,0.0,1.0
PHARMACIE CAZENAVE / DR CAZENAVE  - 6846,13014,MARSEILLE 14EME ARRONDISS,255 BOULEVARD DANIELLE CASANOVA,09 - PHARMACIE,0.0,2393.52,0.0,2655.04,,,-261.52,-0.09849945763528986,0.0,1.0,0.0,1.0
PHARMACIE DES OLIVIERS / DR NICOLAÏ DR MAILLART  - 7429,,,,,0.0,0.0,0.0,276.0,,,-276.0,-1.0,,,0.0,1.0
PHARMACIE SENIOR / DR SENIOR  - 9142,,,,,0.0,0.0,0.0,280.0,,,-280.0,-1.0,,,0.0,1.0
PHARMACIE BOREL ABAT  - 4163,13015,MARSEILLE 15EME ARRONDISS,188 Rue de Lyon,09 - PHARMACIE,0.0,374.57,0.0,671.22,,,-296.65000000000003,-0.4419564375316588,0.0,1.0,0.0,1.0
PHARMACIE BRINK / DR BRINK SOLANGE  - 4731,,,,,0.0,0.0,0.0,348.6,,,-348.6,-1.0,,,0.0,1.0
PHARMACIE DE L'ARCHE / DR POURCIN-ARNAL  - 5984,,,,,0.0,0.0,0.0,350.92,,,-350.92,-1.0,,,0.0,1.0
PHARMACIE SAINT THYS / DR AMMAR  - 7152,13010,MARSEILLE,1 SQUARE NOTRE DAME D AFRIQUE,09 - PHARMACIE,0.0,707.0,0.0,1072.54,,,-365.53999999999996,-0.3408171257016055,0.0,1.0,0.0,1.0
PHARMACIE DU JARDIN / DR BARKAT  - 893,13004,MARSEILLE 4EME ARRONDISSE,67 avenue des chartreux,09 - PHARMACIE,0.0,454.42,0.0,839.9,,,-385.47999999999996,-0.4589593999285629,0.0,1.0,0.0,1.0
PHARMACIE CHEVILLON / DR CHATEL  - 7438,,,,,0.0,0.0,0.0,393.07,,,-393.07,-1.0,,,0.0,1.0
PHARMACIE DE BEAUMONT/ DR BRESSAC/DURAND  - 5673,13012,MARSEILLE 12EME ARRONDISS,108 BOULEVARD DE BEAUMONT,09 - PHARMACIE,0.0,71.76,0.0,489.22,,,-417.46000000000004,-0.8533175258574874,0.0,1.0,0.0,1.0
PHARMACIE PARENT / DR PARENT  - 7683,,,,,0.0,0.0,0.0,489.7,,,-489.7,-1.0,,,0.0,1.0
PHARMACIE DU SOLEIL / DR CHIOCCA  - 1094,,,,,0.0,0.0,0.0,515.0,,,-515.0,-1.0,,,0.0,1.0
PHARMACIE DU CLOS / DR MINASSIAN ET DR FRAYSSINET  - 7385,13220,CHATEAUNEUF LES MARTIGUES,18 RUE JULES FERRY,09 - PHARMACIE,0.0,224.5,0.0,800.54,,,-576.04,-0.7195642941014815,0.0,1.0,0.0,1.0
PHARMACIE DES 2 PLACES / DR POULOS  - 5191,13003,MARSEILLE 3EME ARRONDISSE,117 rue belle de mai,09 - PHARMACIE,0.0,763.84,0.0,1409.75,,,-645.91,-0.4581734350062068,0.0,1.0,0.0,1.0
PHARMACIE CASANOVA / DR CASANOVA MARTIN  - 7038,13003,MARSEILLE 3EME ARRONDISSE,418 boulevard national,09 - PHARMACIE,0.0,1271.2,0.0,1920.02,,,-648.8199999999999,-0.33792356329621565,0.0,1.0,0.0,1.0
PHARMACIE HOMEOPATHIQUE DE LA CANEBIERE DR BEN SLIMANE WALID - 7397,,,,,0.0,0.0,0.0,683.84,,,-683.84,-1.0,,,0.0,1.0
PHARMACIE DE LA GROGNARDE / DR MASSARELLI  - 6899,,,,,0.0,0.0,0.0,753.58,,,-753.58,-1.0,,,0.0,1.0
PHARMACIE VALENTINE VILLAGE / DR D'ANDREA  - 6068,13011,MARSEILLE,17 rue de l'audience,09 - PHARMACIE,0.0,383.20000000000005,0.0,1165.7,,,-782.5,-0.6712704812558977,0.0,1.0,0.0,1.0
PHARMACIE DU MARCHE / DR THERY VINCENT  - 6988,13001,MARSEILLE 1ER ARRONDISSEM,98 RUE SAINT SAVOURNIN,09 - PHARMACIE,0.0,1102.5,0.0,1973.09,,,-870.5899999999999,-0.44123177351261217,0.0,1.0,0.0,1.0
PHARMACIE SEVIGNE / DR MORONI  - 5766,13009,MARSEILLE 9EME ARRONDISSE,rue rabutin Chantal,09 - PHARMACIE,0.0,387.0,0.0,1346.1,,,-959.0999999999999,-0.7125027858257187,0.0,1.0,0.0,1.0
PHARMACIE DE LA CORNICHE/DR RODOSSIO/MARC/VIRGINIE  - 5672,13007,MARSEILLE 7EME ARRONDISSE,132 corniche J F  Kennedy,09 - PHARMACIE,0.0,950.0,0.0,2305.2200000000003,,,-1355.2200000000003,-0.5878918281118506,0.0,1.0,0.0,1.0
PHARMACIE SAKAKINI / DR MAULEAON  - 7142,13005,MARSEILLE 5EME ARRONDISSE,41 BOULEVARD JEANNE D ARC,09 - PHARMACIE,0.0,625.6,0.0,2554.75,,,-1929.15,-0.7551228104511205,0.0,1.0,0.0,1.0
PHARMACIE CAILLAC  - 2575,,,,,0.0,0.0,0.0,2522.42,,,-2522.42,-1.0,,,0.0,1.0
PHARMACIE DU BOULEVARD / DR LAYET VALENTIN  - 7161,13010,MARSEILLE,253 BOULEVARD ROMAIN ROLLAND,09 - PHARMACIE,0.0,268.3,0.0,3003.87,,,-2735.5699999999997,-0.9106818870323948,0.0,1.0,0.0,1.0
PHARMACIE DE LA VERDIERE / DR CAMMELLINI  - 1407,13013,MARSEILLE 13EME ARRONDISS,42 avenue de la Rose,09 - PHARMACIE,0.0,1108.7,0.0,4132.84,,,-3024.1400000000003,-0.7317341102002498,0.0,1.0,0.0,1.0
PHARMACIE DE LA CADIERE / DR SALVO DANIELLE  - 6739,13700,MARIGNANE,15 AVENUE DE LATTRE DE TASSIGNY,09 - PHARMACIE,367.01,0.0,389.48,0.0,-22.470000000000027,-0.05769230769230776,,,1.0,0.0,1.0,0.0
PHARMACIE DEGHILAGE-LAURENT  - 606,13007,MARSEILLE 7EME ARRONDISSE,45 avenue de la corse,09 - PHARMACIE,5333.02,4631.83,5365.05,6210.91,-32.029999999999745,-0.005970121434096559,-1579.08,-0.25424293702533124,0.5351831688384673,0.4648168311615328,0.46346480119143474,0.5365351988085654
PHARMACIE DU ROY D'ESPAGNE / DR DEMAGNY  - 177,13008,MARSEILLE 8EME ARRONDISSE,6 Bd velasquez,09 - PHARMACIE,7435.78,9775.57,7507.27,12941.909999999994,-71.49000000000069,-0.009522769262328475,-3166.3399999999947,-0.2446578596204112,0.432027702649705,0.5679722973502951,0.3671183881211864,0.6328816118788136
PHARMACIE CALCAGNI  - 1003,,,,,0.0,0.0,40.0,0.0,-40.0,-1.0,,,,,1.0,0.0
PHARMACIE DU CHAPITRE / DR CUVILLIER-CERMOLACCE  - 929,13001,MARSEILLE 1ER ARRONDISSEM,10 square Satlingrad,09 - PHARMACIE,761.11,1647.37,801.97,160.4,-40.860000000000014,-0.05094953676571445,1486.9699999999998,9.270386533665834,0.3160125888527204,0.6839874111472796,0.8333281378264078,0.16667186217359228
PHARMACIE DESRUELLES  - 952,13010,MARSEILLE 10EME ARRONDISS,106 avenue de la capelette,09 - PHARMACIE,24.57,4724.4800000000005,66.0,6146.5,-41.43,-0.6277272727272727,-1422.0199999999995,-0.23135442935003653,0.0051736663122098105,0.9948263336877903,0.01062374245472837,0.9893762575452716
PHARMACIE DES ECOLES / DR COSSO VICTORIA  - 7437,,,,,0.0,0.0,54.0,319.52,-54.0,-1.0,-319.52,-1.0,,,0.14457057185692868,0.8554294281430713
PHARMACIE CODACCIONI  - 3753,,,,,0.0,0.0,57.0,86.28,-57.0,-1.0,-86.28,-1.0,,,0.39782244556113905,0.602177554438861
PHARMACIE MASSALIA / DR MILLER  - 6596,13001,MARSEILLE 1ER ARRONDISSEM,5 A RUE ROUVIERE,09 - PHARMACIE,0.0,29.9,74.25,686.33,-74.25,-1.0,-656.4300000000001,-0.9564349511168098,0.0,1.0,0.09762286675957821,0.9023771332404218
PHARMACIE GRAND PRADO / DR CHEYLAN  - 4931,13008,MARSEILLE,100 rue du rouet,09 - PHARMACIE,0.0,1601.8000000000002,99.0,3924.92,-99.0,-1.0,-2323.12,-0.5918897710017019,0.0,1.0,0.024602874808644308,0.9753971251913557
PHARMACIE DES CALANQUES / DR COUREAU  - 6310,13009,MARSEILLE 9EME ARRONDISSE,1 chemin de sormiou,09 - PHARMACIE,806.98,1148.8,914.09,3733.4,-107.11000000000001,-0.11717664562570426,-2584.6000000000004,-0.6922912090855521,0.41261287056826434,0.5873871294317357,0.19668466204338259,0.8033153379566175
PHARMACIE DE LA CRAVACHE / DR DUMAINE CASANOVA  - 2510,13009,MARSEILLE 9EME ARRONDISSE,201 bd michelet,09 - PHARMACIE,1330.18,1570.6,1447.14,3448.0,-116.96000000000004,-0.08082148237212711,-1877.4,-0.5444895591647332,0.4585594219485794,0.5414405780514207,0.29562790849699905,0.7043720915030008
PHARMACIE DU TRAMWAY / DR DEBONO-DELPIN  - 995,13005,MARSEILLE 5EME ARRONDISSE,118. bd chave,09 - PHARMACIE,36.2,4267.62,167.7,5040.89,-131.5,-0.7841383422778773,-773.2700000000004,-0.15339949889801213,0.008411132435836072,0.991588867564164,0.03219681334103855,0.9678031866589615
PHARMACIE PRADO SAINT GINIEZ / DR PEREZ  - 6087,13008,MARSEILLE,2 avenue de mazargues,09 - PHARMACIE,696.28,1022.45,829.08,2316.55,-132.80000000000007,-0.16017754619578337,-1294.1000000000001,-0.5586324491161425,0.4051130776794493,0.5948869223205506,0.263565645037719,0.736434354962281
PHARMACIE SEBASTOPOL  - 1406,13004,MARSEILLE 4EME ARRONDISSE,60 rue Marx Dormoy,09 - PHARMACIE,0.0,896.13,138.6,1735.89,-138.6,-1.0,-839.7600000000001,-0.4837633721030711,0.0,1.0,0.07394011171038523,0.9260598882896148
PHARMACIE LANÇONNAISE / DR MAURY  - 3687,13680,LANCON PROVENCE,999 allée fransisco caravacat,09 - PHARMACIE,240.0,0.0,416.0,0.0,-176.0,-0.4230769230769231,,,1.0,0.0,1.0,0.0
PHARMACIE HABOT-TONDA  - 5838,13012,MARSEILLE 12EME ARRONDISS,Allée de la Grande Bastide Cazaulx,09 - PHARMACIE,340.0,0.0,520.1,149.0,-180.10000000000002,-0.3462795616227649,-149.0,-1.0,1.0,0.0,0.7773128082498879,0.2226871917501121
PHARMACIE NATALI GUENANCIA  - 2826,,,,,0.0,0.0,180.17,0.0,-180.17,-1.0,,,,,1.0,0.0
PHARMACIE DE LA SOLIDARITE / DR MOUSSAOUI  - 5364,13015,MARSEILLE 15EME ARRONDISS,38. chemin de la brigotte,09 - PHARMACIE,2319.9,408.33000000000004,2507.11,0.0,-187.21000000000004,-0.07467163387326445,,,0.8503315336316953,0.14966846636830475,1.0,0.0
PHARMACIE SELBMANN / DR PICHON  - 5484,13005,MARSEILLE 5EME ARRONDISSE,334 bd chave,09 - PHARMACIE,1827.6,832.21,2042.93,2566.9700000000003,-215.33000000000015,-0.10540253459492012,-1734.7600000000002,-0.6758006521307223,0.6871167489407138,0.3128832510592862,0.44316145686457403,0.5568385431354259
PHARMACIE PROVENÇALE / DR ROUFFIAC-BERGHOUNON  - 10,13140,MIRAMAS,rue jourdan,09 - PHARMACIE,1612.82,0.0,1859.61,0.0,-246.78999999999996,-0.13271062211969176,,,1.0,0.0,1.0,0.0
PHARMACIE DE LA TIMONE / DR ESCLAPEZ  - 1523,13010,MARSEILLE 10EME ARRONDISS,97-99 avenue de la timone,09 - PHARMACIE,3570.55,396.67,3827.9,4113.53,-257.3499999999999,-0.0672300739308759,-3716.8599999999997,-0.9035694403590103,0.9000131074152681,0.09998689258473188,0.4820164630299581,0.5179835369700418
PHARMACIE DES MINIMES / DR GUTHBORD  - 4009,13100,AIX EN PROVENCE,8 cours des minimes,09 - PHARMACIE,1590.8,2199.8900000000003,1902.68,1182.16,-311.8800000000001,-0.1639161603632771,1017.7300000000002,0.8609071530080532,0.4196597453234107,0.5803402546765892,0.6167840147300995,0.3832159852699005
PHARMACIE SAINT GABRIEL / DR PEYRET  - 5473,13014,MARSEILLE 14EME ARRONDISS,103 105 traverse notre dame du bon secours,09 - PHARMACIE,1324.3,3331.3700000000003,1740.94,6528.44,-416.6400000000001,-0.2393189885923697,-3197.0699999999993,-0.4897142349473993,0.28444885483722,0.7155511451627801,0.21052847976510938,0.7894715202348906
PHARMACIE DE LA REVOLUTION / DR HADJEDJ  - 5344,13003,MARSEILLE 3EME ARRONDISSE,61 BOULEVARD DE PLOMBIERES,09 - PHARMACIE,1859.5,929.2700000000001,2207.32,860.65,-347.82000000000016,-0.1575757026620518,68.62000000000012,0.07973043629814688,0.6667814125940827,0.33321858740591737,0.7194724850634132,0.2805275149365867
PHARMACIE MARITIME / DR PALLOT  - 3,13002,MARSEILLE,31 bd de Dunkerque,09 - PHARMACIE,4828.93,8098.55,5179.64,6786.31,-350.71000000000004,-0.06770933887297187,1312.2399999999998,0.19336576136368655,0.37353993198983876,0.6264600680101613,0.4328649208796627,0.5671350791203373
PHARMACIE DU 13ÈME / DR KAMBOU  - 3750,,,,,0.0,0.0,361.0,0.0,-361.0,-1.0,,,,,1.0,0.0
PHARMACIE SITBON  - 251,13009,MARSEILLE 9EME ARRONDISSE,121 Bd Paul Claudel,09 - PHARMACIE,1861.6,928.88,2257.9,741.08,-396.3000000000002,-0.17551707338677539,187.79999999999995,0.2534139364171209,0.6671253691121241,0.33287463088787594,0.7528893157006716,0.24711068429932845
PHARMACIE DE LA VALBARELLE / SARL COUSTILLAC  - 265,,,,,0.0,0.0,408.0,1199.4,-408.0,-1.0,-1199.4,-1.0,,,0.253826054497947,0.7461739455020531
PHARMACIE DE LA COLLINE / DR SAMPOL-PRATLONG  - 221,13011,MARSEILLE 11EME ARRONDISS,134 bd de la valbarelle,09 - PHARMACIE,257.4,0.0,669.35,541.5,-411.95000000000005,-0.6154478225143797,-541.5,-1.0,1.0,0.0,0.5527934921749185,0.4472065078250816
PHARMACIE DE LA SALLE / DR LAMBERT BONNABEL  - 3190,,,,,0.0,0.0,437.0,0.0,-437.0,-1.0,,,,,1.0,0.0
PHARMACIE DE L'INSTITUT / DR ADEVAH  - 3060,13009,MARSEILLE 9EME ARRONDISSE,209 Boulevard de Sainte-Marguerite,09 - PHARMACIE,1421.78,5072.3,1861.2,4096.99,-439.4200000000001,-0.23609499247797122,975.3100000000004,0.23805525519954904,0.21893478367990538,0.7810652163200946,0.3123767452867398,0.6876232547132602
PHARMACIE DE LA MARTHELINE / DR CROZES  - 1882,13009,MARSEILLE 9EME ARRONDISSE,43 av de la martheline,09 - PHARMACIE,312.7,25.9,988.8,757.53,-676.0999999999999,-0.6837580906148867,-731.63,-0.9658099349200692,0.9235085646780863,0.07649143532191377,0.5662160072838467,0.4337839927161533
PHARMACIE DU STADE / DR EL ROUAH  - 50,,,,,0.0,0.0,756.0,0.0,-756.0,-1.0,,,,,1.0,0.0
PHARMACIE MELIZAN / DR HADDAD-SAHAKIAN  - 4707,13006,MARSEILLE 6EME ARRONDISSE,216 rue paradis,09 - PHARMACIE,152.0,0.0,935.95,743.45,-783.95,-0.8375981622949944,-743.45,-1.0,1.0,0.0,0.5573121352864118,0.4426878647135882
PHARMACIE DU PARC SAINT CYR / DR VELLIEUX  - 4720,13011,MARSEILLE 11EME ARRONDISS,130. chemin de la valbarelleà st marcel,09 - PHARMACIE,466.5,0.0,1256.25,13.9,-789.75,-0.6286567164179104,-13.9,-1.0,1.0,0.0,0.9890564106601581,0.01094358933984175
PHARMACIE DE LODI / DR LACARELLE  - 5097,13006,MARSEILLE 6EME ARRONDISSE,99. rue de Tilsit,09 - PHARMACIE,1161.01,0.0,1972.78,49.03,-811.77,-0.41148531513904235,-49.03,-1.0,1.0,0.0,0.9757494522235027,0.024250547776497298
PHARMACIE DE LA DOUANE / DR GHIMOUZ  - 3817,13003,MARSEILLE 3EME ARRONDISSE,61 bd de starsbourg,09 - PHARMACIE,2787.12,0.0,3689.61,0.0,-902.4900000000002,-0.24460308813126597,,,1.0,0.0,1.0,0.0
PHARMACIE DU ROUCAS / DR RACHENNE  - 380,13007,MARSEILLE 7EME ARRONDISSE,136 chemin du roucas blanc,09 - PHARMACIE,3385.91,1727.8000000000002,4399.84,3727.52,-1013.9300000000003,-0.2304470162551366,-1999.7199999999998,-0.5364746533888483,0.6621239765258491,0.3378760234741509,0.5413615245294905,0.45863847547050945
PHARMACIE D'ORBITELLE ROY RENE  - 2505,13100,AIX EN PROVENCE,1 Bis cours d'orbitelle,09 - PHARMACIE,1513.3,0.0,2539.3,0.0,-1026.0000000000002,-0.40404835978419257,,,1.0,0.0,1.0,0.0
PHARMACIE DE LA MILLIERE / DR GAGNAIRE TIPHAINE  - 7331,13011,MARSEILLE,116 BOULEVARD DE LA MILLIERE,09 - PHARMACIE,847.47,0.0,1874.57,1134.76,-1027.1,-0.5479123212256677,-1134.76,-1.0,1.0,0.0,0.62291938737194,0.3770806126280601
PHARMACIE DES FONTAINES / DR RAIMOND  - 1288,13420,GEMENOS,172 avenue de la 1er Division Blindée,09 - PHARMACIE,1068.0,0.0,2185.2000000000003,0.0,-1117.2000000000003,-0.5112575507962659,,,1.0,0.0,1.0,0.0
PHARMACIE DE LA COMTESSE / DR TAWITIAN  - 4771,13012,MARSEILLE,90 BD DE LA COMTESSE,09 - PHARMACIE,4046.32,4375.68,5190.24,2435.29,-1143.9199999999996,-0.2203982860137488,1940.3900000000003,0.7967798496277653,0.4804464497744004,0.5195535502255997,0.6806399030624757,0.3193600969375244
PHARMACIE DU PARC KALLISTE / DR LASCAR  - 622,13015,MARSEILLE 15EME ARRONDISS,3 chemin de la bigotte,09 - PHARMACIE,3447.52,69.0,4744.81,1030.33,-1297.2900000000004,-0.2734124232582549,-961.3299999999999,-0.9330311647724515,0.9803783285748411,0.019621671425158964,0.8215922038253618,0.17840779617463817
PHARMACIE ALLAUCH VILLAGE / DR CHOLLAT-NAMY  - 7639,13190,ALLAUCH,27 RUE FERNAND RAMBERT,09 - PHARMACIE,1848.18,10238.810000000001,3192.6,14208.75,-1344.4199999999998,-0.4211050554407066,-3969.9399999999987,-0.27940107328230834,0.1529065548991105,0.8470934451008895,0.18346852399382807,0.816531476006172
PHARMACIE LAHOUEL / DR BERHOUNI  - 7141,13014,MARSEILLE 14EME ARRONDISS,131 CHEMIN DE SAINT JOSEPH A STE MARTHE,09 - PHARMACIE,6230.13,9767.75,7678.29,8380.53,-1448.1599999999999,-0.18860449396936035,1387.2199999999993,0.16552891046270335,0.38943472510107585,0.6105652748989241,0.4781353798099736,0.5218646201900264
PHARMACIE DES HAUTS DE SAINTE MARTHE DR SAUVAGE - 5424,,,,,0.0,0.0,1460.1,0.0,-1460.1,-1.0,,,,,1.0,0.0
PHARMACIE DE BOIS LUZY / DR DEVY KHOSSOURIAN  - 2,13012,MARSEILLE 12EME ARRONDISS,1.Place de  Bois Luzy,09 - PHARMACIE,7894.03,10157.27,9416.04,9419.99,-1522.0100000000011,-0.16164013746755546,737.2800000000007,0.0782675990101901,0.437310886196562,0.562689113803438,0.4998951477567195,0.5001048522432806
PHARMACIE DES CAILLOLS / DR LAURO  - 36,13012,MARSEILLE 12EME ARRONDISS,286 AVENUE DES CAILLOLS,09 - PHARMACIE,10279.86,5786.5,11826.82,7621.85,-1546.9599999999991,-0.1308010099079887,-1835.3500000000004,-0.24080111783884495,0.6398375238697502,0.36016247613024976,0.608104307389657,0.39189569261034307
PHARMACIE PLACIDI / DR PLACIDI  - 4631,13012,MARSEILLE,138 rue du Dr Cauvin,09 - PHARMACIE,1326.43,5469.27,2912.48,5838.58,-1586.05,-0.5445702631434379,-369.3099999999995,-0.0632533938046579,0.19518666215400915,0.8048133378459909,0.33281453903869934,0.6671854609613007
PHARMACIE DE FERRIERES / DR DENCAUSSE  - 562,13500,MARTIGUES,14 Rue Colonel Denfert,09 - PHARMACIE,4852.32,2453.7400000000002,6480.03,3085.68,-1627.71,-0.2511886519043893,-631.9399999999996,-0.20479764589976915,0.6641500343550423,0.3358499656449578,0.6774227945442628,0.3225772054557372
PHARMACIE ODDO / DR FAIVRE  - 1971,13015,MARSEILLE 15EME ARRONDISS,79 bd oddo,09 - PHARMACIE,3434.7,2188.23,5091.34,3398.06,-1656.6400000000003,-0.325383887149552,-1209.83,-0.3560355026103129,0.6108381217621417,0.3891618782378582,0.5997290739039273,0.4002709260960728
PHARMACIE BAILLE 181 / DR PIERI ARTINIAN  - 53,13005,MARSEILLE 5EME ARRONDISSE,181 BD BAILLE,09 - PHARMACIE,4817.2300000000005,4660.0,6512.87,4539.72,-1695.6399999999994,-0.2603521949616681,120.27999999999975,0.02649502612495919,0.5082951453114466,0.4917048546885535,0.5892618834137519,0.41073811658624815
PHARMACIE DE LA ROUVIERE/ DR STARCK  - 6445,13009,MARSEILLE 9EME ARRONDISSE,83 bd du redon,09 - PHARMACIE,3066.48,0.0,5066.89,0.0,-2000.4100000000003,-0.3948003607735712,,,1.0,0.0,1.0,0.0
PHARMACIE MICHEAU  - 130,,,,,0.0,0.0,2037.09,10141.42,-2037.09,-1.0,-10141.42,-1.0,,,0.16726923080081224,0.8327307691991878
PHARMACIE DRUEL  - 2205,,,,,0.0,0.0,2174.7,303.17,-2174.7,-1.0,-303.17,-1.0,,,0.8776489484920517,0.12235105150794837
PHARMACIE DU MERLAN / DR DAHOUNE  - 4503,13014,MARSEILLE 14EME ARRONDISS,38 avenue du merlan,09 - PHARMACIE,2009.9,0.0,4399.2,535.0,-2389.2999999999997,-0.5431214766321149,-535.0,-1.0,1.0,0.0,0.8915731020226176,0.10842689797738235
PHARMACIE AUTRIQUE  - 5141,13005,MARSEILLE 5EME ARRONDISSE,9 rue pascal ruinat,09 - PHARMACIE,2415.9,8235.27,4866.75,5857.47,-2450.85,-0.5035906919402064,2377.8,0.40594318024676185,0.22682015215229878,0.7731798478477013,0.4538092280837207,0.5461907719162792
PHARMACIE DES CADENEAUX / DR TONDA  - 3582,13170,pennes mirabeau,99 bis vielle route de la gavotte,09 - PHARMACIE,3023.2,328.37,5621.44,2732.91,-2598.24,-0.46220185575226275,-2404.54,-0.8798460249331299,0.9020250211095099,0.09797497889049014,0.6728758072142058,0.32712419278579424
PHARMACIE DE LYON / DR TEFFAHI  - 1047,13015,MARSEILLE 15EME ARRONDISS,24 rue de lyon,09 - PHARMACIE,5233.27,212.9,8302.08,3168.64,-3068.8099999999995,-0.3696435110237434,-2955.74,-0.9328102908503332,0.9609083080403293,0.039091691959670744,0.723762762930313,0.276237237069687
PHARMACIE JOURDAN BITTON  - 17,,,,,0.0,0.0,4697.2300000000005,3694.82,-4697.2300000000005,-1.0,-3694.82,-1.0,,,0.5597237862024177,0.4402762137975822
PHARMACIE ENDOUME / DR BEAN  - 1565,13007,MARSEILLE,2 Bd bompard,09 - PHARMACIE,4077.1,4224.62,9179.29,5196.79,-5102.1900000000005,-0.5558371072272474,-972.1700000000001,-0.18707124975225092,0.49111509422143845,0.5088849057785616,0.6385113327137857,0.36148866728621426
PHARMACIE DE VALDONNE / DR MEGEL  - 838,13013,MARSEILLE 13EME ARRONDISS,1 av de valdonne,09 - PHARMACIE,2259.3,109.19000000000001,7499.9,2605.46,-5240.599999999999,-0.6987559834131122,-2496.27,-0.958091853261996,0.9538988976098696,0.04610110239013042,0.7421704916994545,0.25782950830054546
PHARMACIE SAINT LOUIS / DR OUERTANI - PILCER  - 8,13015,MARSEILLE 15EME ARRONDISS,89 avenue de saint louis,09 - PHARMACIE,3963.6,226.68,18388.66,300.0,-14425.06,-0.7844541146554452,-73.32,-0.24439999999999998,0.9459033763853489,0.054096623614651056,0.9839474847313826,0.01605251526861744
